valuation,product,policies,bel,scr_mortality,scr_lapse,scr_expense,scr_cat,scr_lapse_up,scr_lapse_down,scr_mass_lapse,scr_life,diversification,rm_current,rm_2027,rm_ratio,rm_identity,rm_current_rates_up100,rm_current_rates_dn100,rm_2027_rates_up100,rm_2027_rates_dn100,own_funds_rm_current,own_funds_rm_2027
2022-12-31 issue,LTA,25222,-31464588.472488172,15243175.181742337,12735344.410808316,4545314.922644237,10460819.251295647,2931346.1190419407,159027.93052512858,12735344.410808316,28058397.28058647,14926256.485904064,16013413.70574799,10002751.343647264,0.6246482809631523,0.6246482809631524,14937972.886394374,17219462.137344632,9416449.160270011,10654155.475059228,15451174.766740182,21461837.12884091
2022-12-31 issue,MP,24778,-17834915.87878706,8988379.887082402,7239854.266128781,4465728.677631035,11758604.909836065,4488159.548147188,8082.224251489621,7239854.266128781,21575011.21766092,10877556.523017365,10409847.506042406,6743980.68722508,0.6478462516680028,0.6478462516680029,9802568.209798034,11083290.581967406,6397856.150696378,7124440.889742573,7425068.372744653,11090935.191561978
2022-12-31 issue,Total,50000,-49299504.35127525,24231555.068824727,19975198.676937148,9011043.600274885,22219424.16113197,7419505.667189096,167110.15477661835,19975198.676937148,49411396.78198926,26025824.725179464,25632167.49381112,16325440.518517733,0.636912212845812,0.6369122128458122,24029498.116927605,27420149.19931592,15432984.658023,17311885.798728652,23667336.85746413,32974063.832757518
2025-12-31 basis_2022,LTA,18793,-20937487.7278582,14431384.200177643,8428230.170430534,3494054.74988783,7839364.03062963,632325.275140054,888913.0757216659,8428230.170430534,22603598.929024234,11589434.222101405,11552012.887901925,7415879.554900241,0.6419556164680762,0.6419556164680763,10856977.535849625,12320220.015493007,7016740.1645318,7854068.980257746,9385474.839956276,13521608.17295796
2025-12-31 basis_2022,MP,18508,-17927641.365253896,7956520.657544984,7173950.528983649,3441539.8779666442,7929770.19329476,2362155.3637413015,9839.485774831044,7173950.528983649,17364155.824433085,9137625.433356952,7069520.867591802,4690343.347134307,0.6634598631196982,0.6634598631196982,6698748.305787339,7475840.522955764,4469733.156446956,4930536.438843942,10858120.497662093,13237298.018119588
2025-12-31 basis_2022,Total,37301,-38865129.093112126,22387904.857722532,15602180.699414004,6935594.6278548185,15769134.22392442,2994480.6388813434,898752.5614964968,15602180.699414004,39767839.405108996,20926975.003806777,17891729.67132753,11679887.804788673,0.6528093157760106,0.6528093157760105,16884637.90040221,19000664.622061934,11092254.09944204,12322582.67305932,20973399.421784595,27185241.288323455
2025-12-31 basis_2025,LTA,18793,-17932669.06135667,13577743.854485665,7289059.500008486,3341751.361585541,7835210.295999257,535018.6572211395,2168684.0498000123,7289059.500008486,21258594.59641084,10785170.415668108,10814172.121002203,6968141.199436838,0.644352718032295,0.644352718032295,10173315.056949988,11521506.35294671,6598028.78915564,7373937.545927621,7118496.940354468,10964527.861919833
2025-12-31 basis_2025,MP,18508,-14189435.641872928,7686859.732760902,5737544.485238931,3291545.606309592,7924509.844122929,2146350.143612102,176574.10125504018,5737544.485238931,16229862.184220603,8410597.484211748,6383055.852167445,4256798.3828277765,0.6668903549359243,0.6668903549359244,6056115.700806161,6740792.105699054,4061045.4010046455,4469618.438444827,7806379.789705482,9932637.25904515
2025-12-31 basis_2025,Total,37301,-32122104.70322963,21264603.58724685,13026603.985247558,6633296.967895083,15759720.140122224,2681368.800833268,2345258.151055057,13026603.985247558,37331770.676623814,19352454.0038879,16535681.799680725,10827876.777113501,0.6548188885276305,0.6548188885276305,15617317.428425383,17545707.544297356,10289475.40498252,11416097.092958331,15586422.903548904,21294227.926116128
